id,first_name,last_name,email,scope
1,Lazar,Larraway,llarraway0@printfriendly.com,Foreign Language
2,Theressa,Philott,tphilott1@sohu.com,English
3,Vivianne,Moppett,vmoppett2@4shared.com,Foreign Language
4,Theodosia,Dallman,tdallman3@technorati.com,Physical Education
5,Janos,Woosnam,jwoosnam4@senate.gov,Economics
6,Alberik,Leyman,aleyman5@cam.ac.uk,Music
7,Carma,Shelton,cshelton6@whitehouse.gov,Computer Science
8,Halsy,Kyte,hkyte7@weebly.com,Music
9,Berna,Ivanyushkin,bivanyushkin8@salon.com,Computer Science
10,Cally,Gheorghescu,cgheorghescu9@sfgate.com,Physical Education
11,Paddie,Simeons,psimeonsa@sciencedaily.com,Music
12,Ode,Colleford,ocollefordb@aol.com,History
13,Frederigo,Doleman,fdolemanc@china.com.cn,English
14,Conrade,Pickhaver,cpickhaverd@engadget.com,Science
15,Tracy,Hawkin,thawkine@csmonitor.com,Mathematics
16,Karyn,Holdforth,kholdforthf@ibm.com,History
17,Lindy,Waind,lwaindg@goo.ne.jp,Art
18,Callean,Patey,cpateyh@list-manage.com,History
19,Aidan,Warstall,awarstalli@yahoo.com,Physical Education
20,Ryann,Klain,rklainj@squarespace.com,Computer Science
