id,first_name,last_name,email
1,Pennie,Noteyoung,pnoteyoung0@wordpress.org
2,Bertine,O'Hickey,bohickey1@e-recht24.de
3,Fredi,Sighard,fsighard2@twitpic.com
4,Bryn,Livezley,blivezley3@tinypic.com
5,Zsazsa,Laugier,zlaugier4@cafepress.com
6,Leanor,Monument,lmonument5@bing.com
7,Mohandis,Sutcliffe,msutcliffe6@wunderground.com
8,Edeline,Ewer,eewer7@bing.com
9,Michaeline,Wallentin,mwallentin8@ask.com
10,Adolphus,Dalley,adalley9@cmu.edu
11,Clarette,Theobalds,ctheobaldsa@mayoclinic.com
12,Robinia,Hayler,rhaylerb@trellian.com
13,Adi,Smalley,asmalleyc@yolasite.com
14,Tull,Goodhew,tgoodhewd@furl.net
15,Phillida,Kahen,pkahene@chronoengine.com
16,Brunhilda,Bashford,bbashfordf@youtube.com
17,Adolph,Randalston,arandalstong@163.com
18,Julianne,Bareham,jbarehamh@lycos.com
19,Lowe,Lightowlers,llightowlersi@washington.edu
20,Rhonda,Robinette,rrobinettej@youtu.be
